Workbook

Sheet 醫師總表
A1: 醫師姓名 | B1: MVPN | C1: 班表呈現 | D1: 班別 | E1: 平日應值班數 | F1: 假日應值班數 | G1: 固定值班星期 | H1: 排班規則
A2: 詹勳昊 | B2: 678948 | C2: 詹勳昊678948 | D2: 一線 | E2: 1 | G2: 星期一 | H2: 可優先挑選
A3: 李昱呈 | B3: 678977 | C3: 李昱呈678977 | D3: 一線 | E3: 1 | G3: 星期五 | H3: 可優先挑選
A4: 黃芳專 | B4: 678908 | C4: 黃芳專678908 | D4: 一線 | F4: 1 | G4: 星期日
A5: 林盟旗 | B5: 679088 | C5: 林盟旗679088 | D5: 一線 | E5: 1 | G5: 星期四
A6: 林佳正 | B6: 679060 | C6: 林佳正679060 | D6: 一線 | E6: 3 | G6: 星期二、星期五 | H6: 可優先挑選
A7: 宋明憲 | B7: 678965 | C7: 宋明憲678965 | D7: 一線 | E7: 1 | F7: 1
A8: 何旭育 | B8: 679032 | C8: 何旭育679032 | D8: 一線 | E8: 1 | F8: 1
A9: 林圻域 | B9: 678954 | C9: 林圻域678954 | D9: 一線 | E9: 1 | G9: 星期二
A10: 梁均瑜 | B10: 668245 | C10: 梁均瑜668245 | D10: 一線 | E10: 2 | G10: 星期三
A11: 吳宣翰 | B11: 679061 | C11: 吳宣翰679061 | D11: 一線 | E11: 1 | F11: 1
A12: 陳建次 | B12: 667856 | C12: 陳建次667856 | D12: 一線 | E12: 1 | G12: 星期五
A13: 黃民評 | B13: 679007 | C13: 黃民評679007 | D13: 一線 | E13: 1 | G13: 星期二
A14: 詹鈞惟 | B14: 678907 | C14: 詹鈞惟678907 | D14: 一線 | E14: 1 | F14: 1 | G14: 星期日 | H14: 單數月份出現
A15: 陳儀聲 | B15: 678907 | C15: 陳儀聲678907 | D15: 一線 | E15: 1 | F15: 1 | G15: 星期日 | H15: 雙數月份出現
A16: 林芳揚 | B16: 679089 | C16: 林芳揚679089 | D16: 一線 | E16: 2 | F16: 1
A17: 李毓珊 | B17: 678910 | C17: 李毓珊678910 | D17: 一線 | E17: 1 | F17: 1
A18: 蔡友倫 | B18: 679015 | C18: 蔡友倫679015 | D18: 二線 | H18: 二線平日假日均分
A19: 徐智俊 | B19: 678935 | C19: 徐智俊678935 | D19: 二線 | H19: 二線平日假日均分
A20: 李友夫 | B20: 678931 | C20: 李友夫678931 | D20: 二線 | H20: 排除星期二到星期五 二線平日假日均分
A21: 黃裕涵 | B21: 679005 | C21: 黃裕涵679005 | D21: 二線 | H21: 二線平日假日均分
A22: 林尚華 | B22: 678979 | C22: 林尚華678979 | D22: 二線 | E22: 1
A23: 林中華 | B23: 678932 | C23: 林中華678932 | D23: 二線 | E23: 1

Sheet 一線
A1: 姓名 | B1: MVPN | C1: 班表呈現
A2: 詹勳昊 | B2: 678948 | C2: 詹勳昊678948
A3: 李昱呈 | B3: 678977 | C3: 李昱呈678977
A4: 黃芳專 | B4: 678908 | C4: 黃芳專678908
A5: 林盟旗 | B5: 679088 | C5: 林盟旗679088
A6: 林佳正 | B6: 679060 | C6: 林佳正679060
A7: 宋明憲 | B7: 678965 | C7: 宋明憲678965
A8: 何旭育 | B8: 679032 | C8: 何旭育679032
A9: 林圻域 | B9: 678954 | C9: 林圻域678954
A10: 梁均瑜 | B10: 668245 | C10: 梁均瑜668245
A11: 吳宣翰 | B11: 679061 | C11: 吳宣翰679061
A12: 陳建次 | B12: 667856 | C12: 陳建次667856
A13: 黃民評 | B13: 679007 | C13: 黃民評679007
... A19: 李毓珊 | B19: 678910 | C19: 李毓珊678910

Sheet 二線
A1: 姓名 | B1: MVPN | C1: 班表呈現
A2: 蔡友倫 | B2: 679015 | C2: 蔡友倫679015
A3: 徐智俊 | B3: 678935 | C3: 徐智俊678935
A4: 李友夫 | B4: 678931 | C4: 李友夫678931
A5: 左瑞龍 | B5: 678951 | C5: 左瑞龍678951
A6: 黃裕涵 | B6: 679005 | C6: 黃裕涵679005
A7: 林尚華 | B7: 678979 | C7: 林尚華678979
A8: 林中華 | B8: 678932 | C8: 林中華678932

Sheet 115年9月
A1: 日期 | B1: 星期 | C1: 一線 | D1: 二線 | E1: 一線MVPN | F1: 二線MVPN
A2: 46266 | B2: =+IF(A2="","",CHOOSE(WEEKDAY(A2,1),"星期日","星期一","星期二","星期三","星期四","星期五","星期六")) -> 星期二 | C2: 李毓珊 | E2: =VLOOKUP(C2,一線!$A:$C,3,0) -> 李毓珊678910 | F2: =VLOOKUP(D2,二線!$A:$C,3,0) -> #N/A
A3: 46267 | B3: =+IF(A3="","",CHOOSE(WEEKDAY(A3,1),"星期日","星期一","星期二","星期三","星期四","星期五","星期六")) -> 星期三 | C3: 梁均瑜 | E3: =VLOOKUP(C3,一線!$A:$C,3,0) -> 梁均瑜668245 | F3: =VLOOKUP(D3,二線!$A:$C,3,0) -> #N/A
A4: 46268 | B4: =+IF(A4="","",CHOOSE(WEEKDAY(A4,1),"星期日","星期一","星期二","星期三","星期四","星期五","星期六")) -> 星期四 | E4: =VLOOKUP(C4,一線!$A:$C,3,0) -> #N/A | F4: =VLOOKUP(D4,二線!$A:$C,3,0) -> #N/A
A5: 46269 | B5: =+IF(A5="","",CHOOSE(WEEKDAY(A5,1),"星期日","星期一","星期二","星期三","星期四","星期五","星期六")) -> 星期五 | C5: 林佳正 | E5: =VLOOKUP(C5,一線!$A:$C,3,0) -> 林佳正679060 | F5: =VLOOKUP(D5,二線!$A:$C,3,0) -> #N/A
A6: 46270 | B6: =+IF(A6="","",CHOOSE(WEEKDAY(A6,1),"星期日","星期一","星期二","星期三","星期四","星期五","星期六")) -> 星期六 | C6: 何旭育 | E6: =VLOOKUP(C6,一線!$A:$C,3,0) -> 何旭育679032 | F6: =VLOOKUP(D6,二線!$A:$C,3,0) -> #N/A
A7: 46271 | B7: =+IF(A7="","",CHOOSE(WEEKDAY(A7,1),"星期日","星期一","星期二","星期三","星期四","星期五","星期六")) -> 星期日 | E7: =VLOOKUP(C7,一線!$A:$C,3,0) -> #N/A | F7: =VLOOKUP(D7,二線!$A:$C,3,0) -> #N/A
A8: 46272 | B8: =+IF(A8="","",CHOOSE(WEEKDAY(A8,1),"星期日","星期一","星期二","星期三","星期四","星期五","星期六")) -> 星期一 | C8: 詹勳昊 | E8: =VLOOKUP(C8,一線!$A:$C,3,0) -> 詹勳昊678948 | F8: =VLOOKUP(D8,二線!$A:$C,3,0) -> #N/A
A9: 46273 | B9: =+IF(A9="","",CHOOSE(WEEKDAY(A9,1),"星期日","星期一","星期二","星期三","星期四","星期五","星期六")) -> 星期二 | C9: 林圻域 | E9: =VLOOKUP(C9,一線!$A:$C,3,0) -> 林圻域678954 | F9: =VLOOKUP(D9,二線!$A:$C,3,0) -> #N/A
A10: 46274 | B10: =+IF(A10="","",CHOOSE(WEEKDAY(A10,1),"星期日","星期一","星期二","星期三","星期四","星期五","星期六")) -> 星期三 | C10: 梁均瑜 | E10: =VLOOKUP(C10,一線!$A:$C,3,0) -> 梁均瑜668245 | F10: =VLOOKUP(D10,二線!$A:$C,3,0) -> #N/A
A11: 46275 | B11: =+IF(A11="","",CHOOSE(WEEKDAY(A11,1),"星期日","星期一","星期二","星期三","星期四","星期五","星期六")) -> 星期四 | C11: 林盟旗 | E11: =VLOOKUP(C11,一線!$A:$C,3,0) -> 林盟旗679088 | F11: =VLOOKUP(D11,二線!$A:$C,3,0) -> #N/A
A12: 46276 | B12: =+IF(A12="","",CHOOSE(WEEKDAY(A12,1),"星期日","星期一","星期二","星期三","星期四","星期五","星期六")) -> 星期五 | C12: 陳建次 | E12: =VLOOKUP(C12,一線!$A:$C,3,0) -> 陳建次667856 | F12: =VLOOKUP(D12,二線!$A:$C,3,0) -> #N/A
A13: 46277 | B13: =+IF(A13="","",CHOOSE(WEEKDAY(A13,1),"星期日","星期一","星期二","星期三","星期四","星期五","星期六")) -> 星期六 | E13: =VLOOKUP(C13,一線!$A:$C,3,0) -> #N/A | F13: =VLOOKUP(D13,二線!$A:$C,3,0) -> #N/A
A14: 46278 | B14: =+IF(A14="","",CHOOSE(WEEKDAY(A14,1),"星期日","星期一","星期二","星期三","星期四","星期五","星期六")) -> 星期日 | C14: 黃芳專 | E14: =VLOOKUP(C14,一線!$A:$C,3,0) -> 黃芳專678908 | F14: =VLOOKUP(D14,二線!$A:$C,3,0) -> #N/A
A15: 46279 | B15: =+IF(A15="","",CHOOSE(WEEKDAY(A15,1),"星期日","星期一","星期二","星期三","星期四","星期五","星期六")) -> 星期一 | C15: 何旭育 | E15: =VLOOKUP(C15,一線!$A:$C,3,0) -> 何旭育679032 | F15: =VLOOKUP(D15,二線!$A:$C,3,0) -> #N/A
A16: 46280 | B16: =+IF(A16="","",CHOOSE(WEEKDAY(A16,1),"星期日","星期一","星期二","星期三","星期四","星期五","星期六")) -> 星期二 | C16: 黃民評 | E16: =VLOOKUP(C16,一線!$A:$C,3,0) -> 黃民評679007 | F16: =VLOOKUP(D16,二線!$A:$C,3,0) -> #N/A
A17: 46281 | B17: =+IF(A17="","",CHOOSE(WEEKDAY(A17,1),"星期日","星期一","星期二","星期三","星期四","星期五","星期六")) -> 星期三 | C17: 梁均瑜 | E17: =VLOOKUP(C17,一線!$A:$C,3,0) -> 梁均瑜668245 | F17: =VLOOKUP(D17,二線!$A:$C,3,0) -> #N/A
A18: 46282 | B18: =+IF(A18="","",CHOOSE(WEEKDAY(A18,1),"星期日","星期一","星期二","星期三","星期四","星期五","星期六")) -> 星期四 | C18: 林盟旗 | E18: =VLOOKUP(C18,一線!$A:$C,3,0) -> 林盟旗679088 | F18: =VLOOKUP(D18,二線!$A:$C,3,0) -> #N/A
A19: 46283 | B19: =+IF(A19="","",CHOOSE(WEEKDAY(A19,1),"星期日","星期一","星期二","星期三","星期四","星期五","星期六")) -> 星期五 | C19: 林佳正 | E19: =VLOOKUP(C19,一線!$A:$C,3,0) -> 林佳正679060 | F19: =VLOOKUP(D19,二線!$A:$C,3,0) -> #N/A
A20: 46284 | B20: =+IF(A20="","",CHOOSE(WEEKDAY(A20,1),"星期日","星期一","星期二","星期三","星期四","星期五","星期六")) -> 星期六 | E20: =VLOOKUP(C20,一線!$A:$C,3,0) -> #N/A | F20: =VLOOKUP(D20,二線!$A:$C,3,0) -> #N/A
A21: 46285 | B21: =+IF(A21="","",CHOOSE(WEEKDAY(A21,1),"星期日","星期一","星期二","星期三","星期四","星期五","星期六")) -> 星期日 | E21: =VLOOKUP(C21,一線!$A:$C,3,0) -> #N/A | F21: =VLOOKUP(D21,二線!$A:$C,3,0) -> #N/A
A22: 46286 | B22: =+IF(A22="","",CHOOSE(WEEKDAY(A22,1),"星期日","星期一","星期二","星期三","星期四","星期五","星期六")) -> 星期一 | D22: 林尚華 | E22: =VLOOKUP(C22,一線!$A:$C,3,0) -> #N/A | F22: =VLOOKUP(D22,二線!$A:$C,3,0) -> 林尚華678979
A23: 46287 | B23: =+IF(A23="","",CHOOSE(WEEKDAY(A23,1),"星期日","星期一","星期二","星期三","星期四","星期五","星期六")) -> 星期二 | C23: 林佳正 | E23: =VLOOKUP(C23,一線!$A:$C,3,0) -> 林佳正679060 | F23: =VLOOKUP(D23,二線!$A:$C,3,0) -> #N/A
A24: 46288 | B24: =+IF(A24="","",CHOOSE(WEEKDAY(A24,1),"星期日","星期一","星期二","星期三","星期四","星期五","星期六")) -> 星期三 | E24: =VLOOKUP(C24,一線!$A:$C,3,0) -> #N/A | F24: =VLOOKUP(D24,二線!$A:$C,3,0) -> #N/A
A25: 46289 | B25: =+IF(A25="","",CHOOSE(WEEKDAY(A25,1),"星期日","星期一","星期二","星期三","星期四","星期五","星期六")) -> 星期四 | E25: =VLOOKUP(C25,一線!$A:$C,3,0) -> #N/A | F25: =VLOOKUP(D25,二線!$A:$C,3,0) -> #N/A
A26: 46290 | B26: =+IF(A26="","",CHOOSE(WEEKDAY(A26,1),"星期日","星期一","星期二","星期三","星期四","星期五","星期六")) -> 星期五 | C26: 李昱呈 | E26: =VLOOKUP(C26,一線!$A:$C,3,0) -> 李昱呈678977 | F26: =VLOOKUP(D26,二線!$A:$C,3,0) -> #N/A
A27: 46291 | B27: =+IF(A27="","",CHOOSE(WEEKDAY(A27,1),"星期日","星期一","星期二","星期三","星期四","星期五","星期六")) -> 星期六 | C27: 李毓珊 | E27: =VLOOKUP(C27,一線!$A:$C,3,0) -> 李毓珊678910 | F27: =VLOOKUP(D27,二線!$A:$C,3,0) -> #N/A
A28: 46292 | B28: =+IF(A28="","",CHOOSE(WEEKDAY(A28,1),"星期日","星期一","星期二","星期三","星期四","星期五","星期六")) -> 星期日 | E28: =VLOOKUP(C28,一線!$A:$C,3,0) -> #N/A | F28: =VLOOKUP(D28,二線!$A:$C,3,0) -> #N/A
A29: 46293 | B29: =+IF(A29="","",CHOOSE(WEEKDAY(A29,1),"星期日","星期一","星期二","星期三","星期四","星期五","星期六")) -> 星期一 | E29: =VLOOKUP(C29,一線!$A:$C,3,0) -> #N/A | F29: =VLOOKUP(D29,二線!$A:$C,3,0) -> #N/A
A30: 46294 | B30: =+IF(A30="","",CHOOSE(WEEKDAY(A30,1),"星期日","星期一","星期二","星期三","星期四","星期五","星期六")) -> 星期二 | D30: 林中華 | E30: =VLOOKUP(C30,一線!$A:$C,3,0) -> #N/A | F30: =VLOOKUP(D30,二線!$A:$C,3,0) -> 林中華678932
A31: 46295 | B31: =+IF(A31="","",CHOOSE(WEEKDAY(A31,1),"星期日","星期一","星期二","星期三","星期四","星期五","星期六")) -> 星期三 | E31: =VLOOKUP(C31,一線!$A:$C,3,0) -> #N/A | F31: =VLOOKUP(D31,二線!$A:$C,3,0) -> #N/A
